{"cameraMode":{"drawMode":0,"name":"Shaded","section":"Shading Mode"},"sceneLighting":true,"audioPlay":false,"sceneViewState":{"m_AlwaysRefresh":false,"showFog":true,"showSkybox":true,"showFlares":true,"showImageEffects":true,"showParticleSystems":true,"showVisualEffectGraphs":true,"m_FxEnabled":true},"in2DMode":false,"pivot":{"x":77.32159423828125,"y":8.425779342651368,"z":33.13954162597656},"rotation":{"x":0.05225599557161331,"y":0.8800904750823975,"z":-0.46152570843696597,"w":0.09936618059873581},"size":16.474332809448243,"orthographic":false}