{"cameraMode":{"drawMode":0,"name":"Shaded","section":"Shading Mode"},"sceneLighting":true,"audioPlay":false,"sceneViewState":{"m_AlwaysRefresh":false,"showFog":true,"showSkybox":true,"showFlares":true,"showImageEffects":true,"showParticleSystems":true,"showVisualEffectGraphs":true,"m_FxEnabled":true},"in2DMode":false,"pivot":{"x":3.7932071685791017,"y":5.9997429847717289,"z":-5.227672576904297},"rotation":{"x":-0.010963245294988156,"y":0.9418993592262268,"z":-0.03145172819495201,"w":-0.3345729410648346},"size":10.449999809265137,"orthographic":false}